source,keyword,title,authors,doi,publication_date,journal,abstract
PubMed,aortic stenosis,Eyeballing versus comprehensive geriatric frailty assessment and outcomes after transcatheter aortic valve replacement: Insights from a large cohort.,Ziad Arow; Juri Iwata; Akiko Masumoto; Antonella Millin; Amir Aker; Hana Vaknin-Assa; Abid Assali; Chiara De Biase; Nicolas Dumonteil; Didier Tchetche,10.1016/j.carrev.2026.06.016,2026-06-25,Cardiovascular revascularization medicine : including molecular interventions,"Frailty is common among TAVR candidates. While guidelines recommend formal geriatric assessment for risk stratification, frailty is often evaluated in daily practice using physician judgment - ""eyeball test"". This study compared outcomes of frail versus non-frail patients undergoing TAVR using frailty classification based on eyeballing or formal geriatric assessment.
This study included all patients undergoing TAVR for severe aortic stenosis (AS) with balloon-expandable or self-expandable valves between 2012 and 2024. Frailty was assessed in two cohorts: by physician clinical judgment (the ""eyeball"" cohort) or by formal comprehensive geriatric assessment, which was reserved for cases deemed uncertain by the treating clinician. The primary endpoint was 1-year all-cause mortality.
A total of 6343 patients were included in the study. Frailty was assessed by eyeballing in 4603 patients and by comprehensive geriatric assessment in 1740 patients. In the eyeball assessment cohort, frail patients exhibited significantly higher rates of in-hospital mortality (2.1% vs. 1.0%, p = 0.006) and 1-year mortality (8.1% vs. 6.3%, p = 0.024). In the formal geriatric assessment cohort, frail patients demonstrated a numerically higher 1-year mortality rate compared with non-frail patients (7.3% vs. 5.3%); however, this difference did not reach statistical significance (p = 0.160). In both cohorts, there were no significant differences in the composite safety endpoint, PPM implantation, or moderate or greater PVL.
Frailty assessed by routine clinical ""eyeballing"" provided prognostic stratification after TAVR. A pragmatic two-step strategy - routine eyeballing with comprehensive geriatric assessment reserved for uncertain cases, may represent an efficient approach for frailty evaluation in contemporary TAVR practice."
PubMed,aortic stenosis,Valvular Shock in the Cardiac Intensive Care Unit: Perioperative Care for Transcatheter Valve Interventions.,Graeme Prosperi-Porta; Garima Dahiya; Benjamin Hibbert; Jacob C Jentzer,10.1016/j.ccl.2026.05.005,2026-08,Cardiology clinics,"Valvular heart disease is an uncommon but high-risk cause of cardiogenic shock requiring rapid, multidisciplinary management aimed at bridging patients to definitive surgical or transcatheter valve intervention. Early comprehensive Doppler echocardiography is essential, as clinical signs may be subtle. Distinguishing decompensated chronic valvular disease from acute unstable lesions guides urgency and treatment strategy. Medical stabilization and mechanical circulatory support vary markedly between stenotic and regurgitant lesions, and standard shock therapies may be harmful in specific contexts. Transcatheter approaches are preferred when feasible, though their expanding use introduces added complexity in cardiac intensive care."
PubMed,aortic stenosis,Clinical outcomes and haemodynamic evolution following Perceval sutureless aortic valve implantation in high-risk aortic stenosis patients.,Emced Khalil,10.5830/CVJA-2026-020,2026-07-03,Cardiovascular journal of Africa,"Sutureless aortic valve replacement (AVR) has been recognised as a potential option in the management of High-risk patients, characterised by reduced procedural times and satisfactory haemodynamic results. However, mid-term results of valve-related outcomes are scarce. This study aimed to investigate clinical, echocardiographic, and valve-related outcomes of high-risk patients undergoing Perceval sutureless AVR.
The current retrospective, single-centre study included 50 consecutive high-risk patients who had isolated Perceval sutureless AVR. The time period was between January 2023 and December 2024. The primary endpoint was one-year valve-related survival. The secondary endpoints included echocardiographic performance, paravalvular leakage (PVL), patient-prosthesis mismatch (PPM), and the need for pacemaker implantation. Transthoracic echocardiography was performed at discharge and follow-up.
Complete echocardiographic follow-up at 12 months was available for 44 patients (88%). The transvalvular gradient significantly decreased from 46.8 ± 11.2 to 12.4 ± 3.6 at discharge and remained stable at 12 months (12.1 ± 3.5; p < 0.001). The indexed effective orifice area increased from 0.58 ± 0.09 to 1.10 ± 0.16 cm2/m2 at 12 months. No case of severe patient-prosthesis mismatch (PPM) was noted, but moderate PPM occurred in 12%. PVL was trivial or mild in all patients. Permanent pacemaker implantation was necessary in 20%, all within the index hospitalisation period, without any recovery of native conduction at follow-up. Valve-related survival at 12 months was 94%, with death from non-valve-related causes.
Sutureless Perceval aortic valve implantation has been shown to provide excellent clinical and haemodynamic results at midterm follow-up in high-risk patients with low rates of valve-related complications, PVL, and patient prosthesis mismatch."
PubMed,aortic stenosis,Transfemoral TAVR in Chronic Type A Aortic Dissection and Severe Aortic Stenosis.,María José González-Aguilar; Guillermo Fernández-García; Edgar Fuentes-Molina; Ander Regueiro-Cueva; Jorge Chavarría-Víquez,10.1016/j.jaccas.2026.109109,2026-07-02,JACC. Case reports,"Chronic type A aortic dissection (TAAD) with severe aortic stenosis (AS) represents a major therapeutic challenge, particularly in patients at high surgical risk.
An 83-year-old woman presented with acute decompensated heart failure (NYHA functional class IV). Imaging revealed severe bicuspid AS and chronic TAAD extending to the infrarenal abdominal aorta. Given the high surgical risk, transfemoral transcatheter aortic valve replacement (TAVR) was performed under transesophageal echocardiography guidance with confirmation of true lumen access, without complications. At 12 months postoperatively, the patient improved to NYHA functional class II with stable dissection.
In selected patients with stable chronic TAAD and no surgical options, TAVR may provide symptomatic benefit when anatomical features are favorable and procedural strategy minimizes aortic wall stress.
TAVR may be feasible in carefully selected patients with chronic TAAD and severe AS when true lumen access is secured and imaging guidance is used to reduce the risk of dissection progression."
PubMed,aortic stenosis,Dual-Level Left Ventricular Outflow Tract Obstruction in an Adult.,Elliot Roufeh; Ziad Hindosh; Joshua Lee; Jesse Wolfsohn; Anthony S Koppula,10.1016/j.jaccas.2026.109124,2026-07-02,JACC. Case reports,"Discrete subaortic membranes are an uncommon cause of left ventricular outflow tract (LVOT) obstruction in adults and may coexist with aortic valve disease.
A 50-year-old man presented with acute decompensated heart failure. Transthoracic echocardiography showed reduced ejection fraction (30%-35%) and demonstrated severe calcific aortic stenosis with regurgitation. Transesophageal echocardiography revealed a discrete subaortic membrane causing additional subvalvular obstruction, consistent with dual-level LVOT obstruction. Invasive hemodynamics confirmed advanced afterload-mediated heart failure. The patient underwent surgical membrane resection and mechanical valve replacement with subsequent clinical and hemodynamic improvement.
Coexisting subvalvular and valvular obstruction is uncommon in adults and may present diagnostic challenges. Multimodality imaging is essential to differentiate obstruction levels and guide surgical management.
Comprehensive multimodality imaging is essential to identify dual-level LVOT obstruction and ensure correction of both valvular and subvalvular disease."
PubMed,aortic stenosis,Pre-operative MELD-Na score as an independent predictor of post-operative mortality after valve surgery in rheumatic valvular heart disease patients.,Lidetu K Kayamo; Yonas A Teferi; Arega F Leta,10.5830/CVJA-2026-016,2026-07-03,Cardiovascular journal of Africa,"Rheumatic heart disease (RHD) poses a significant global health challenge due to its high rates of premature morbidity, mortality, and disability, particularly in low-income countries. Existing risk scoring systems for valve replacement in cardiac surgery have primarily focused on non-RHD cases, making them less applicable to RHD patients due to the distinct pathology of valvular damage. This study aims to evaluate the Model for End-stage Liver Disease, including sodium (MELD-Na) score, as a predictive tool for pre-operative mortality risk assessment following cardiac surgery in RHD patients.
This retrospective cohort study was conducted at Tenwek Hospital in Kenya and included 93 patients who underwent open heart valve replacement surgery between March 2022 and March 2023. Patients who underwent mechanical mitral valve replacement (MVR), mechanical aortic valve replacement (AVR), and tricuspid valve repair surgery (TVr) were included. Data were collected from Tenwek Hospital's electronic medical record system, and statistical analysis was performed using IBM SPSS Statistics 27.0, including Chi-square and binary logistic regression. Operative mortality was defined as all deaths occurring during the hospitalisation period of the operation and within 30 days post-discharge, unless unrelated to the procedure.
The study included a cohort of 93 patients, comprising 36 (38.7%) males and 57 (61.3%) females, with a median age of 25. The majority of patients presented with mitral valve disease, 63 (67.7%), with varying degrees of mitral regurgitation, 32 (34.4%) and mitral stenosis, 31 (33.3%). Notably, 43 (46.2%) of patients exhibited an elevated MELD-Na score falling within the range of 9-15, while 20 (21.5%) had severely elevated scores exceeding 15. The overall mortality rate was 10 (10.8%), with a majority, six (60%), of deaths occurring in patients with severely elevated MELD-Na scores and the remaining 40% in the moderate category. Logistic regression analysis was employed to compare the predictive value of MELD-Na score with EuroScore II as a baseline indicator. Subsequently, the analysis was repeated, incorporating individual components of the MELD-Na score. The results indicated a significant link between the MELD-Na score and operative mortality (p = 0.003), showing an odds ratio (OR) of 1.17 (95% confidence interval (CI): 1.05-1.30). Additionally, both serum creatinine (p = 0.012, OR: 1.04, 95% CI: 1.02-1.09) and the international normalised ratio (INR) (p = 0.005, OR: 2.8, 95% CI: 1.38-6.0) emerged as notable predictors of operative mortality.
Elevated MELD-Na scores are associated with an increased risk of operative mortality following RHD valve surgery, suggesting potential utility as a pre-operative risk stratification tool. Our findings underscore the utility of the MELD-Na score, particularly its components serum creatinine and INR, in predicting mortality risk following cardiac surgery in patients with RHD. Further prospective multicentre studies with larger sample sizes and longer durations are warranted to validate these findings."
PubMed,aortic stenosis,Root replacement after transcatheter aortic valve replacement in homograft explant.,Michele Galeazzi; Erlil Mali; Simone D'Alessio; Alessandro D'Alfonso; Filippo Capestro; Paolo Berretta; Pietro Malvindi; Marco Di Eusanio,10.1510/mmcts.2026.051,2026-07-03,Multimedia manual of cardiothoracic surgery : MMCTS,"We present the case of a young man with a prior homograft root replacement and a subsequent transcatheter aortic valve-in-valve, who presented with a root pseudoaneurysm and severe aortic regurgitation due to valve degeneration from endocarditis. The surgical procedure involved the explant of transcatheter aortic valve implantation prosthesis using a snare technique, removal of the homograft and a subannular Bentall procedure. This case illustrates the technical challenges and the ""lifetime management"" strategy required for complex redo aortic interventions in younger patients."
PubMed,aortic stenosis,Commissural and Coronary Alignment Strategies in Transcatheter Aortic Valve Replacement: Success Rate and Risks.,Clara Fernandez-Cordón; Ignacio Amat-Santos,10.15420/ecr.2025.09,2026,European cardiology,"Commissural alignment (CA) is becoming increasingly important in the lifetime management of younger patients with aortic stenosis undergoing transcatheter aortic valve implantation, potentially influencing coronary access, valve-in-valve feasibility and haemodynamics. Interest in the topic has led to a growing body of evidence, valve design improvements and optimised implantation techniques. In this review, we summarise the clinical impact of CA, its success rate and limitations, stressing the potential role of coronary alignment as opposed to CA. We also describe the techniques to achieve CA with the latest iterations of the most used transcatheter aortic valve implantation devices."
PubMed,aortic stenosis,Acute ischemic stroke during TAVI promptly managed with mechanical thrombectomy: the importance of peripheral interventional skills and multidisciplinary collaboration.,Marcello Marchetta; Giulio Russo; Gianluca Massaro; Maria Crapanzano; Daniela Benedetto; Giuseppe Massimo Sangiorgi,10.1016/j.jccase.2026.03.012,2026-07,Journal of cardiology cases,"Transcatheter aortic valve implantation (TAVI) carries a small but serious risk of periprocedural stroke. Prompt recognition and rapid management are essential to prevent permanent neurological injury. We describe an acute ischemic stroke occurring during TAVI for bicuspid aortic stenosis, immediately identified by the interventional cardiologist through carotid angiography. The patient developed sudden left hemibody weakness and aphasia after balloon predilatation, and angiography revealed an occlusion of the right middle cerebral artery (M1). While maintaining hemodynamic stability with valve implantation, the operator restored partial flow in the ophthalmic artery and activated the stroke team. Mechanical thrombectomy was rapidly performed using an aspiration catheter, achieving complete recanalization, with a modified Thrombolysis in Cerebral Infarction grade 3 within 30 min of symptom onset. Post-procedural imaging confirmed the absence of hemorrhage, and neurological deficits improved markedly. This case highlights how immediate in-laboratory carotid angiography performed by the structural interventional cardiologist can significantly shorten the diagnostic-to-reperfusion interval and facilitate ultra-rapid multidisciplinary rescue in periprocedural stroke.
Immediate in-laboratory carotid angiography by the structural operator may significantly shorten time-to-reperfusion in periprocedural stroke. Peripheral interventional skills are essential for structural cardiologists, enabling them to promptly recognize and address extracardiac complications. Multidisciplinary collaboration between interventional cardiologists, neurologists, and interventional radiologists is vital to achieve optimal outcomes in life-threatening complications. The absence of cerebral embolic protection did not compromise the outcome, consistent with recent randomized evidence showing no significant reduction in clinical stroke with routine use of protection devices."
PubMed,aortic stenosis,Predictors of early cerebrovascular events after transcatheter aortic valve replacement: a systematic review and meta-analysis.,Yi Zhang; Ying Zhang; Yi-Jun Yao; Tian-Yuan Xiong; Mao Chen,10.26599/1671-5411.2026.05.007,2026-05-28,Journal of geriatric cardiology : JGC,"Early cerebrovascular events (CVEs) following transcatheter aortic valve replacement (TAVR) are severe complications, but effective methods for predicting and preventing these events have not been well established. A systematic review and meta-analysis were performed to identify significant predictors of early CVEs post-TAVR.
MEDLINE/Embase databases were searched for articles published between December 2015 and April 2023. Original studies evaluating predictors of CVEs within 30 days post-TAVR after adjusting for confounders were included. Two investigators independently extracted data following the PRISMA statement. Meta-analyses of multivariable data were performed using DerSimonian and Laird random-effects models, with results expressed as odds ratios (ORs) and 95% confidence intervals (CIs). Robustness was assessed via Harbord's test, nonparametric trim-and-fill analysis, leave-one-out sensitivity analysis, the QUIPS quality assessment tools, meta-regression, and subgroup analyses.
Among the 74 included studies, multivariate meta-analyses identified 11 predictors of early CVEs, including 9 patient-level predictors-a CHA2DS2-VASc ≥ 5, no prior heart failure, diabetes, isolated aortic stenosis, carotid artery stenosis, peripheral artery disease, advanced age, New York Heart Association class ≥ III, and significant left ventricular outflow tract calcification-and 2 procedure-level predictors: the absence of cerebral embolization protection and post-dilation. Additionally, 10 patient-level factors and 5 procedure-level factors were not associated with early CVEs, although significant heterogeneity was observed in most analyses.
This study identified multiple patient-level and procedure-level factors associated or not associated with early CVEs after TAVR. These findings support the development of a comprehensive risk prediction model that can accommodate diverse patient populations and evolving procedural techniques, thereby enhancing clinical risk management strategies."
PubMed,aortic stenosis,Risk Stratification in Aortic Stenosis: Exercise Hemodynamics to Refine Risk in Early Cardiac Damage Stages.,Sara Moura-Ferreira; Mauricio Milani; Sebastiaan Dhont; Wouter L'Hoyes; Sarah Hoedemakers; Lore Luts; Youri Bekhuis; Maarten Falter; Giulia Crisci; Boris Delpire; Rik Pauwels; Tin Gojevic; Felipe Machado; Dominique Hansen; Simon Vanhentenrijk; Sibel Altintas; Siddharth Jogani; Ruta Jasaityte; Sarah Stroobants; Guido Claessen; Lieven Herbots; Pieter Martens; Philippe B Bertrand; Jan Stassen; Jan Verwerft,10.1093/ehjci/jeag174,2026-07-03,European heart journal. Cardiovascular Imaging,"To describe exercise hemodynamics across cardiac damage stages and evaluate the incremental prognostic impact of cardiac damage stage and exercise-induced pulmonary hypertension (exPHT) in patients with symptomatic moderate aortic stenosis (AS) and asymptomatic severe AS.
A total of 436 consecutive patients with ≥moderate AS (74 ± 10 years, 32% women, 56% severe AS) underwent cardiopulmonary exercise testing with echocardiography. The primary endpoint was heart failure (HF) death and HF hospitalizations. Cardiac damage stage was 0 in 93 patients, 1 (LV damage) in 135, 2 (LA/mitral damage) in 135, and 3-4 (pulmonary vasculature/tricuspid or RV damage) in 73. Higher stages were associated with worse exercise capacity and hemodynamics. Over a median follow-up of 37 months, 65 patients met the primary endpoint. After adjustment for age, AS severity, and aortic valve replacement, cardiac damage stage and exPHT were independently associated with HF outcomes (HR per stage increase 1.51 [1.26-1.82]; p < 0.001; exPHT HR 2.36 [1.10-5.07]; p = 0.03). exPHT improved risk stratification in early-stage disease (stages 1-2), conferring an approximately fivefold higher risk of HF events in patients with exPHT (HR 4.45 [1.58-12.59]; p < 0.01).
In patients with ≥moderate AS and discordant symptoms, cardiac damage stage and exPHT independently refined HF risk stratification. ExPHT provides incremental prognostic value in early damage stages (1-2), representing over half of the cohort, supporting a stepwise approach of routine damage staging with selective with exPHT assessment with exercise echocardiography in this subgroup to guide more personalized management and potentially optimize AVR timing."
PubMed,aortic stenosis,Pacemaker Status and 5-Year Mortality After TAVI: A Sex-Specific Analysis.,Cecilia Veraar; Gudrun Lamm; Maximilian Will; Matthias Hammerer; Matthias Granner; Lion Merl; Konstantin Schwarz; Julia Mascherbauer,10.1111/eci.70242,2026-07,European journal of clinical investigation,"Sex-specific differences regarding the prognostic impact of permanent pacemaker (PM) implantation after transcatheter aortic valve implantation (TAVI) remain largely unexplored.
To investigate sex-specific associations between pre-existing and new post-procedural PM implantation and short- and long-term mortality after TAVI.
This post hoc analysis of a prospective registry included consecutive patients who underwent TAVI between 2016 and 2020. Patients were stratified by sex and assigned to three groups: no PM, pre-existing PM (pre-PM) and PM implantation within 30 days of TAVI (post-PM). The primary endpoint was 5-year all-cause mortality; the secondary endpoint was 30-day mortality. Sex-stratified multivariable proportional hazards models and Kaplan-Meier analyses were performed.
Among 1114 patients (81 ± 5 years, 49.8% female), women more frequently had no PM (80.2% vs. 70.8%, p < 0.001) and less often had a pre-existing PM (7.0% vs. 14.5%, p < 0.001). Post-PM rates were similar between sexes (12.8% vs. 14.7%, p = 0.172). Thirty-day survival differed by PM status only in women, with worse outcomes in the post-PM group (log-rank p = 0.033), whereas no difference was observed in men (p = 0.542). Five-year survival did not differ by PM status among women (p = 0.572) but differed significantly among men (p < 0.001), with the lowest survival in men with pre-PM.
Post-procedural PM implantation was associated with higher 30-day mortality in women, whereas pre-existing PM predicted reduced 5-year survival in men, supporting sex-specific risk assessment before and after TAVI."
PubMed,aortic stenosis,An assessment of the accuracy of a novel peripheral artery disease scoring system to identify obstructive coronary artery disease in patients with severe aortic stenosis.,Harsh V Thakkar; George Besis; Liam McCormick; Robert Gooley; Derek Chew; Michael Michail; Nitesh Nerlekar; Brian Ko; Adam J Brown,10.1016/j.carrev.2026.06.017,2026-06-25,Cardiovascular revascularization medicine : including molecular interventions,"Peripheral arterial disease (PAD) and coronary artery disease (CAD) are both clinical manifestations of atherosclerosis, sharing pathobiological features with aortic stenosis (AS). Pre-transcatheter aortic valve replacement (TAVR) planning routinely includes CT assessment of aorto-iliac and common femoral arterial disease. The aim was to assess the feasibility and accuracy of a novel PAD scoring system (Hostile score) to exclude obstructive CAD pre-TAVR.
Peripheral CTs of patients pre-TAVR, between 2019 and 2023, were retrospectively analysed and Hostile score calculated (low score ≤ 8.5, high score > 8.5). Obstructive CAD was defined as diameter stenosis ≥50% on invasive angiography. Feasibility and reproducibility of Hostile score was assessed. ROC analysis was performed to assess the accuracy of Hostile score to exclude obstructive CAD.
350 patients included (age 82 ± 7.2 yrs); 78% hypertension; 29% diabetes, 59% CKD and obstructive CAD present in 32.6%. Median Hostile score was 5 (IQR 2-8.9) with a median analysis time of 2.14 min (IQR 1.68-4.40). There was excellent intra-observer correlation (r = 0.91, 95%CI 0.84, 0.96) and a good interobserver correlation (r = 0.84, 95% CI 0.72, 0.91). Sensitivity, specificity, positive and negative predictive value of Hostile score to exclude obstructive CAD was 91.1%, 58.8%, 82.1% and 76.1%, respectively, with a diagnostic accuracy of 80.6% (AUC 0.82). Patients with high Hostile score had increased risk of all-cause mortality (OR 2.13, 95%CI 1.13, 4.02, p = 0.02).
Hostile score has a high sensitivity and accuracy for excluding obstructive CAD in patients with severe AS and was associated with a higher all-cause mortality. Incorporating Hostile score as a screening tool on TAVR-CT may potentially reduce the requirement for invasive angiography."
PubMed,aortic stenosis,Deep inspiration-facilitated stenting for extremely tortuous vertebral artery ostium in a Type III arch.,Ying Tan; Na Duan; Bo Wang; Ning Ma,10.1136/jnis-2026-025713,2026-07-02,Journal of neurointerventional surgery,"Endovascular treatment of vertebral artery ostial (VAO) stenosis can be technically challenging in the presence of severe supra-aortic tortuosity, particularly a Type III aortic arch where stable guide catheter positioning is often difficult to maintain. During device delivery, inadequate proximal support may result in guide catheter prolapse into the aortic arch, compromising procedural success. Although adjunctive support techniques such as the buddy-wire technique may improve system stability, extreme vascular tortuosity can still impede the advancement of balloons or stents.1 A deep inspiration maneuver with transient breath-holding may facilitate device delivery by inducing caudal displacement of the aortic arch and proximal subclavian artery.2 Because the distal vertebral artery remains relatively fixed within the transverse foramina, this maneuver generates temporary axial tension across the V1 segment, partially straightening the tortuous vascular course and improving device trackability.3This technical video (video 1) demonstrates step-by-step endovascular reconstruction of an extremely tortuous right VAO lesion in a patient with prior failed stenting caused by hostile vascular anatomy and subsequent recurrent stenosis. Despite the Type III arch anatomy, a transfemoral approach was mandated over a radial approach due to the acute ostial geometry, providing the necessary antegrade delivery vector. We highlight a dual strategy approach combining distal wire-anchor support to enhance guiding stability and respiratory-induced vascular straightening to facilitate device navigation, ultimately enabling precise stent deployment and complete revascularization.neurintsurg;jnis-2026-025713v1/V1F1V1Video 1."
PubMed,aortic stenosis,"[Mechanistic study on regulation of MAPK/NF-κB pathway axis by Jiangzhi Huaban Decoction based on ""Qi meridian-blood collateral"" theory in improving polarization state of macrophages in atherosclerotic plaques].",Wen-Yi Zhu; Xu-Shen Chen; Zhi-Wei Cao; Jin Wang; Bo Xie; Xue-Feng Ren; Hong-Yang Wang,10.19540/j.cnki.cjcmm.20260120.902,2026-04,Zhongguo Zhong yao za zhi = Zhongguo zhongyao zazhi = China journal of Chinese materia medica,"This study aimed to investigate the therapeutic effects of Jiangzhi Huaban Decoction(JZHB) on atherosclerosis(AS) model mice and to explore its potential molecular mechanisms using proteomic analysis. C57BL/6J mice fed with a standard diet served as the control group. ApoE~(-/-) knockout mice were fed with a high-fat diet for 8 weeks to induce atherosclerosis, after which they were randomly divided into 5 groups(n=8 per group): the model group, low-, medium-, and high-dose JZHB groups(1.32, 2.64, and 5.28 g·kg~(-1)), and the atorvastatin calcium group(3.75 mg·kg~(-1)). All intervention groups lasted for 8 weeks. The body weight and general conditions of the mice were recorded weekly. Prior to sample collection, small animal color Doppler ultrasound was employed to assess carotid artery and aortic wall plague lesions. After sample collection, serum lipid and liver function levels were measured using an automated biochemical analyzer. Serum levels of interleukin(IL)-6, IL-1β, IL-4, and tumor necrosis factor-alpha(TNF-α) were quantified by enzyme-linked immunosorbent assay(ELISA). Hematoxylin-eosin(HE) staining. Masson and oil red O staining were used to comprehensively evaluate pathological changes in AS plaques. Proteomics sequencing technology was used to analyze core molecular mechanisms, and Western blot, qPCR, and immunofluorescence assays were used to verify the expression of core targets. The results showed that JZHB significantly improved serum lipid levels, liver function, and serum inflammatory microenvironment in AS mice(P&lt;0.05, P&lt;0.01). It can also comprehensively improved various pathological markers, including carotid artery and aortic root plaque area, collagen fiber content, lipid deposition, lumen stenosis, and hemorheological parameters(P&lt;0.05, P&lt;0.01). Proteomics analysis revealed that its core mechanism was associated with the mitogen-activated protein kinase(MAPK)/nuclear factor-κB(NF-κB) signaling pathway axis to improve macrophage polarization in AS plaques. Molecular biological assays indicated that JZHB could reduce the mRNA levels and the phosphorylation ratios of MAPK, c-Jun N-terminal kinase(JNK), NF-κB p65, and inhibitor of nuclear factor-κBα(IκBα) in the aortic tissue of mice. It also downregulated the mRNA and protein expressions of inducible nitric oxide synthase(iNOS) and IL-6(P&lt;0.05, P&lt;0.01). Additionally, JZHB improved the expression and localization of M1/M2 macrophage polarization markers, cluster of differentiation 86(CD86) and mannose receptor(CD206), within aortic plaques(P&lt;0.05, P&lt;0.01). In conclusion, JZHB can synergistically ameliorate the pathological changes in arterial plaques of AS mice through multiple pathways. Its core mechanism involves regulating the MAPK/NF-κB signaling pathway axis, ameliorating the macrophage polarization status and the internal inflammatory microenvironment within plaques, thereby exerting a comprehensive pharmacological effect on the prevention and treatment of atherosclerosis."
PubMed,aortic stenosis,Self-Expandable versus Balloon-Expandable Bridging Stents in Off-the-Shelf Inner Branch Repair: Midterm Results from the INBREED Registry.,Luca Mezzetto; Francesco Squizzato; Gioele Simonte; Michele Piazza; Giovanni Pratesi; Yamume Tshomba; Emanuele Gatta; Rocco Giudice; Gian Franco Veraldi; Michele Antonello; INBREED Investigators,10.1016/j.jvs.2026.06.152,2026-07-02,Journal of vascular surgery,"To compare the outcomes of self-expandable (S-EXP) and balloon-expandable (B-EXP) bridging stents used with the E-nside off-the-shelf inner-branch endograft for thoracoabdominal and complex abdominal aortic aneurysm repair within the ItaliaN Branched Registry of E-nside EnDograft (INBREED) registry.
All patients enrolled in the INBREED registry between January 2021 and December 2024 were analyzed. Clinical, anatomical, and procedural data were collected for all target vessels (TVs). The most frequently used self-expandable (S-EXP) and balloon-expandable (B-EXP) bridging stents were identified and compared. The primary endpoint was target vessel instability (TVI), defined as a composite of occlusion, significant stenosis, type Ic/IIIb/IIIc endoleak, kinking, disconnection, rupture, or target vessel-related mortality. Secondary endpoints included technical success and reintervention rates.
A total of 581 target vessels (TVs) from 148 patients were analyzed: 423 (72.8%) were bridged with B-EXP and 158 (27.2%) with S-EXP stents. Overall technical success was 99.5%. During a mean follow-up of 22.1 ± 12.3 months, TVI occurred in 40/581 vessels (6.9%), with a lower incidence in the S-EXP group (3.2%) compared to the B-EXP group (8.3%; p = .03). However, this association did not remain statistically significant at multivariable analysis, which identified only renal target vessels (OR 1.87; 95% CI, 1.05-3.82; p = .045) and pre-existing target vessel stenosis (OR 1.93; 95% CI, 1.13-4.11; p = .047) as independent predictors of TVI.
Inner-branch endovascular repair with the E-nside endograft achieved high technical success and favorable mid-term outcomes. A lower crude rate of target vessel instability was observed with self-expandable stents; however, this association did not remain significant after multivariable adjustment. Renal target vessels and pre-existing stenosis were identified as the main predictors of instability."
PubMed,aortic stenosis,Deferred AVR During CABG in Moderate Aortic Stenosis: Lower Index Risk or Deferred Cumulative Risk?,Ünsal Vural,10.1016/j.athoracsur.2026.06.042,2026-07-02,The Annals of thoracic surgery,
PubMed,aortic stenosis,SHAP-enabled explainable AI framework for clinical interpretation of valvular heart diseases via digital acoustic features.,Vidya Gopal T V; Inayathullah Ghori; Annie Qurratulain Hasan; Renu John,10.1088/1873-4030/ae8546,2026-07-02,Medical engineering & physics,"Valvular heart diseases (VHDs), including mitral regurgitation (MR), aortic stenosis (AS), mitral stenosis (MS), and mitral valve prolapse (MVP) represent a significant global health burden particularly among older adults. Digital auscultation platforms can transform traditional cardiac assessments that are primarily subjective and clinician-driven into a data-driven diagnostic tool enabling advanced signal processing, feature extraction and machine learning (ML)-based interpretation. This creates new opportunities for early, objective, and precise disease screening, diagnosis, longitudinal monitoring, and personalized clinical decision-making. In this study, we present an explainable ML framework for early detection and precise classification of VHDs using digital auscultation data. Acoustic features extracted from digital auscultation data are used to build ML models on a public dataset followed by validation using clinical hospital data. Shapley Additive Explanations (SHAP) helps create more understandable models for early detection by pinpointing unique acoustic characteristics of VHD, which enhances the interpretability and accuracy of ML models. The SHAP tree explainer is utilized to improve interpretability and guide feature selection by identifying unique, consistent, and overlapping features relevant to VHDs, providing physiological insights and enhancing model transparency. Among the five models assessed, XGBoost with SHAP stood out as the most reliable, delivering high interpretability and 85 % accuracy on the clinical dataset, achieving condition-specific accuracies with minimal variability across different practitioners. By combining predictive performance with explainability, the proposed framework shows high promise in objective screening, early diagnosis, and informed clinical decision-making for VHDs."
PubMed,aortic stenosis,Concomitant Dynamic Left Ventricular Outflow Tract Obstruction and Severe Aortic Stenosis a Case Report and a Literature Review.,Tommaso Crovetto; Fabio Vagnarelli; Vito Maurizio Parato; Alessandro Barbarossa,10.4103/jcecho.jcecho_95_25,2026,Journal of cardiovascular echography,"We report the case of a 77-year-old woman presenting with a hypertrophic cardiomyopathy phenotype characterized by hemodynamically significant dynamic left ventricular outflow tract obstruction (LVOTO) due to mitral systolic anterior motion (SAM), in association with aortic stenosis (AS). The clinical presentation included an episode of syncope, followed by progressive exertional dyspnea. Initial transthoracic echocardiography revealed marked septal hypertrophy, a calcified aortic valve with elevated transvalvular gradients, and SAM-induced dynamic LVOTO. Sarcomeric hypertrophic cardiomyopathy (HCM) and its phenocopies were subsequently excluded from the study. Transesophageal echocardiography confirmed the coexistence of severe AS and SAM. Given the complexity of the patient's cardiac condition and the presence of a ""porcelain aorta,"" both surgical and transcatheter aortic valve replacement were deemed high risk. We discuss the diagnostic and therapeutic challenges of this ""double-threat"" scenario - severe aortic stenosis combined with dynamic LVOTO - and review the relevant literature regarding its hemodynamic implications, imaging strategies, and management approaches, including the concept of the ""suicide left ventricle""."
PubMed,aortic stenosis,"Same-Day Discharge After Transcatheter Aortic Valve Implantation: Who, When, and How?",Hilal Khan; Debbie Stewart; Sarah Lamb; Rajiv Das; Richard Edwards; Timothy Cartlidge; Mohammad Alkhalil; Azfar Zaman; Mohamed Farag,10.1002/ccd.70715,2026-07-01,Catheterization and cardiovascular interventions : official journal of the Society for Cardiac Angiography & Interventions,"The burden of severe aortic stenosis requiring treatment is growing due to ageing populations. This places increased demands on health resources due to the growing number of transcatheter aortic valve implantation (TAVI) procedures and hospital bed occupancy. There are several studies of same-day discharge (SDD) after coronary angioplasty demonstrating its safety, particularly in transfemoral cases. There has been significant evolution in techniques and technologies underpinning TAVI, which have reduced its risk profile over time. As a result, several observational studies have demonstrated that SDD after TAVI is safe and effective. Careful selection of low-risk patients and a minimalist TAVI approach, with appropriate post-procedure review and follow-up, are crucial for successful SDD after TAVI. However, there is a need for randomised trials to validate this practice. This article provides a state-of-the-art overview and guidance to safely and effectively implement a SDD-TAVI service to improve the healthcare system efficiency while enhancing patient satisfaction and recovery."
Crossref,aortic stenosis,Staged Full-endoscopic Foraminotomy for Multilevel Lumbar Stenosis with Scoliosis: A Case Report,Takayuki KITAHARA; Yuji NAGAO; Takafumi OHSHIMA; Naoto ONO; Saori SOEDA; Makoto TAKEUCHI; Kosuke SUGIURA; Hiroaki MANABE; Masatoshi MORIMOTO; Fumitake TEZUKA; Hiroshi KAGEYAMA; Junzo FUJITANI; Koichi SAIRYO,10.2176/jns-nmc.2025-0339,2026-12-31,NMC Case Report Journal,
Crossref,aortic stenosis,Two Cases of Lumbar Spinal Canal Stenosis with Dorsal Meningovertebral Ligaments: Potential Risk of Dural Laceration,Kyohei KIN; Ryoji TOMINAGA; Kento TAKEBAYASHI; Hiroki IWAI; Hisashi KOGA,10.2176/jns-nmc.2025-0354,2026-12-31,NMC Case Report Journal,
Crossref,aortic stenosis,Vasodilatory study of Mitragyna speciosa (Korth.) Havil methanolic extract using rats aortic ring assay,Hui Wei Loh; Wan Yin Tew; Chong Seng Yan; Chi Yuan Low; Zurina Hassan; Qiyue Qiu; Bin Yang; Zheng Zhang; Ruiling Zhang; Nelson Jeng Yeou Chear; Mun Fei Yam,10.1016/j.jep.2026.122057,2026-12,Journal of Ethnopharmacology,
Crossref,aortic stenosis,Step-by-step En face O red oil method for aortic plaque staining and quantification in ApoE knockout mouse,Nurin Yasmin Mohd Khairudin; B. Vimala R.M.T Balasubramaniam; Suhaila Abd Muid; Nurdiyana Nasrudin; Nasibah Azme,10.1016/j.mex.2026.104020,2026-12,MethodsX,
Crossref,aortic stenosis,An antibody-conjugated polymer nanoparticle that targets inflammatory site for abdominal aortic aneurysm antioxidant stress therapy,Youjin Huang; Qi'’nan Yin; Qin Zhang; Jinping Liu; Ya Wu; Yong Liu,10.1016/j.bioadv.2026.214968,2026-11,Biomaterials Advances,
Crossref,aortic stenosis,M1 macrophage-derived exosomal miR-155-5p exacerbates aortic dissection via SMAD5-Mediated regulation of vascular smooth muscle cell phenotype,Dengwei Cao; Xinyi Li; Shaoping Zhu; Jianfeng Chen; Haoxiang Li; Jiajun Shi; Xiaoqi Xiong; Jiahui Liu; Yumou Wang; Zhe Dong; Jiangping Song; Jinping Liu,10.1016/j.bioactmat.2026.05.057,2026-11,Bioactive Materials,
Crossref,aortic stenosis,Colchicine attenuates diet-induced early aortic vascular remodeling in mice via modulation of inflammatory and cell death-associated pathways,Amira I. Shrief; Sally Abdallah Mostafa; Dina S. Elshenawy; Mamdouh Eldesoqui; Somaya Saad; Yomna F. Hassan,10.1016/j.tice.2026.103720,2026-11,Tissue and Cell,
Crossref,aortic stenosis,Comparative phenotypic analysis of primary aortic VSMCs versus TGF - β/PDGF - BB differentiated MSCs in rat,Pulkit Soni; Diksha Rani; Manish Kumar; Vaibhav Kushwaha; Anurag Thapliyal; Satyavir Yadav; Shashank Kumar Maurya; Sanjay Kumar Dey,10.1016/j.tice.2026.103714,2026-11,Tissue and Cell,
Crossref,aortic stenosis,The impact of FBN1 variant types on pregnancy-related aortic dissection in women with Marfan syndrome,Tae Yokouchi-Konishi; Chizuko Aoki-Kamiya; Mitsuhiro Tsuritani; Yasuki Ishihara; Yohei Miyashita; Yoshihiro Asano; Takeshi Yagyu; Hitoshi Matsuda; Hiroko Morisaki; Mai Temukai; Masami Sawada; Aiko Kakigano; Naoko Iwanaga; Takeshi Kanagawa; Reiko Neki; Jun Yoshimatsu,10.1016/j.ijcard.2026.134634,2026-10,International Journal of Cardiology,
Crossref,aortic stenosis,DNMT3B attenuates the development of thoracic aortic aneurysm and dissection by suppressing TFEB-mediated autophagy in vascular smooth muscle cells,Yulin Bao; Yaxin Zhu; Yuting Niu; Yilu Hu; Dingkun Lu; Ruixia Xu; Xiaohan Fan,10.1016/j.bbadis.2026.168331,2026-10,Biochimica et Biophysica Acta (BBA) - Molecular Basis of Disease,
Crossref,aortic stenosis,Impact of Aortic Diameter on Left Ventricular Diastolic Dysfunction Following Endovascular Aortic Repair in Patients with Abdominal Aortic Aneurysm,Hitoshi Nakanowatari; Masumi Iwai-Takano; Tomohiro Takano; Tsuyoshi Fujimiya; Koki Takahashi; Yoshiki Endo; Yasuhisa Fukada; Yoshihito Irie; Tetsuya Ohira,10.1016/j.avsg.2026.05.108,2026-10,Annals of Vascular Surgery,
Crossref,aortic stenosis,Interpretable machine learning for one-year mortality prediction in acute aortic dissection: a multimodal model integrating CT imaging features and electrocardiographic parameters,Jing Zhang; Wuyu Xiong; Yunping Sun; Wenqiang Li; Cuiyuan Huang; Huiling Zheng; Caiwei Tan; Ye Sang; Jiajuan Yang; Songlin Zhang; Jian Yang,10.1016/j.bspc.2026.110969,2026-10,Biomedical Signal Processing and Control,
Crossref,aortic stenosis,Early Multicenter Experience with the Nexus Duo™ Aortic Arch Stent Graft System in the Treatment of Aneurysmatic Aortic Arch Diseases,Theodosios Bisdas; Michael Erb; Nikolas Charalambous; Michelle Antonello; Vladimir Makaloski; Luis Miguel Izquierdo Lamoca; Said Abisi; Ahmed Elbasty; Semih Buz; Elisa Jankwitz; Georgios I. Karaolanis; Nada Yasser Elzefzaf; Neophytos Zambas (Nicosia); Prakash Saha; Christiane Schubert,10.1016/j.avsg.2026.05.095,2026-10,Annals of Vascular Surgery,
Crossref,aortic stenosis,Metabolic mechanism analysis of abdominal aortic aneurysm tissues by internal extractive electrospray ionization mass spectrometry with minimal sample size,Manman Qin; Leting Wang; Dan Shan; Deqing Lin; Qinglin Chen; Shuxiang Yan; Liangliang Liao; Xinyi Luo; Yifeng Zhang; Jun Yu,10.1016/j.talanta.2026.129840,2026-10,Talanta,
Crossref,aortic stenosis,Long-Term Durability of TEVAR for Blunt Traumatic Aortic Injury in Young Patients,Karthigesu Aimanan; Ammar Ahmad; Michael Arvind; Putera Mas Pian; Kumaraguru VK. Pillay; Hanif Hussein,10.1016/j.avsg.2026.05.107,2026-10,Annals of Vascular Surgery,
Crossref,aortic stenosis,Transcatheter embolization of an endoleak through a vascular plug implanted in the left common iliac artery during aortouni-iliac endovascular aortic repair: A case report,Ryuta Okuhira; Akira Ikoma; Ryosuke Mimura; Atsufumi Kamisako; Tetsuo Sonomura; Hiroshi Doi,10.1016/j.radcr.2026.06.034,2026-10,Radiology Case Reports,
Crossref,aortic stenosis,"Evaluation, treatment, and outcomes in patients with possible severe aortic stenosis",Pishoy Gouda; Derek D. Cyr; Karen Chiswell; Jeremy Mercer; Paul Hofmann; Shazeb Khan; Sreekanth Vemulapalli,10.1016/j.ahj.2026.107498,2026-10,American Heart Journal,
Crossref,aortic stenosis,A physiology-constrained framework for non-invasive left atrial pressure assessment and post-procedural estimation in mitral stenosis,Qimin Zhang; Wenwen Liang; Shengzhang Wang; Minmin Sun,10.1016/j.bspc.2026.110809,2026-10,Biomedical Signal Processing and Control,
Crossref,aortic stenosis,Admission-Based Early Risk Stratification for In-Hospital Mortality in Ruptured Abdominal Aortic Aneurysm: A Pragmatic Clinical Model,M.a Lourdes Del Río-Solá; Marina Jimenez-Caja; Clara de la Torre-Casaseca; Eva Alvarez-Garcia; Carlos García-Padron; Cintia Flota-Ruiz,10.1016/j.avsg.2026.05.086,2026-10,Annals of Vascular Surgery,
Crossref,aortic stenosis,Beyond luminal stenosis: Epicardial adipose tissue volume reflects coronary plaque burden according to CAD-RADS 2.0,Emine Meltem; Ibrahim Taskın Rakıcı; Mert Aric; Saime Turgut Gunes; Kubra Bozkurt; Ceyda Turan Bektas; Abdullah Soydan Mahmutoglu,10.1016/j.ejrad.2026.113023,2026-10,European Journal of Radiology,
Crossref,mitral regurgitation,Cine-derived mitral annular relaxation velocity for detection of preclinical left ventricular diastolic dysfunction,Niall McVeigh; David Ryan; Fiona Ryan; Joseph McCambridge; Maria Ferre; Sebastian Flynn; David J. Murphy; Mark Ledwidge; Ken McDonald; Jonathan D. Dodd,10.1016/j.mri.2026.110733,2026-11,Magnetic Resonance Imaging,
Crossref,mitral regurgitation,Corrigendum to “First-in-human study of the K-Clip™ transcatheter annular repair system for severe functional tricuspid regurgitation” [International Journal of Cardiology 390(2023) / IJCA 131174],Xiaochun Zhang; Qinchun Jin; Wenzhi Pan; Wei Li; Yingqiang Guo; Genshan Ma; Cuizhen Pan; Shasha Chen; Yuan Zhang; Lei Zhang; Mingfei Li; Shiqiang Hou; Yat-yin Lam; Thomas Modine; Alex Pui-Wai Lee; Juying Qian; Daxin Zhou; Junbo Ge,10.1016/j.ijcard.2026.134622,2026-10,International Journal of Cardiology,
Crossref,mitral regurgitation,Relationship between left atrial fibrosis and function in a selected cohort undergoing surgery for severe primary mitral regurgitation,Caterina Maffeis; Andrea Rossi; Elvin Tafciu; Stefania Rizzo; Monica De Gaspari; Vincenzo Giambruno; Venanzio Di Nicola; Giovanni B. Luciani; Cristina Basso; Flavio L. Ribichini,10.1016/j.ijcard.2026.134614,2026-10,International Journal of Cardiology,
Crossref,mitral regurgitation,Left atrial strain and fibrosis in primary mitral regurgitation: asynchronous markers of atrial remodelling?,Cristina Conte; Alessandro Telesca; Massimo Imazio,10.1016/j.ijcard.2026.134642,2026-10,International Journal of Cardiology,
Crossref,mitral regurgitation,Safety of multiple grasping attempts during transcatheter mitral valve repair with the PASCAL system,Florian Jürgens; Florian Schindhelm; Mohammed Abusharekh; Clara M.K. Brandts; Jürgen Kampf; Matthias Totzeck; Fadi Al-Rashid; Peter Lüdike; Tienush Rassaf; Amir A. Mahabadi,10.1016/j.ijcard.2026.134636,2026-10,International Journal of Cardiology,
Crossref,mitral regurgitation,"Comment on “accuracy of machine learning models for mitral regurgitation severity assessment: A systematic review and meta-analysis""",Sharyu Ikhar; Yogesh Nagargoje; Ruchita Shrivastava,10.1016/j.ijcrp.2026.200666,2026-09,International Journal of Cardiology Cardiovascular Risk and Prevention,
Crossref,mitral regurgitation,Ultrasound measurement of antral cross-sectional area to predict regurgitation during general anesthesia for cesarean section in laboring women: a prospective observational cohort study,Longyuan Shen; Qiuxia Jiang; Xiaojuan Yu; Quansheng Xiao; Shengzhao Wang; Xiongda Lin; Qichen Luo; Shaoqiang Huang,10.1016/j.accpm.2026.101773,2026-09,Anaesthesia Critical Care &amp; Pain Medicine,
Crossref,mitral regurgitation,"Direct-access, balloon-expandable mitral valve replacement under fibrillatory arrest in extensive mitral annular calcification",John Wheeler; Gilbert Tang; Dimosthenis Pandis; Ahmed El-Eshmawi,10.1016/j.xjse.2026.100130,2026-09,JTCVS Structural and Endovascular,
Crossref,mitral regurgitation,Case report: Salvage transcatheter aortic valve replacement for acute aortic regurgitation due to prosthetic valve endocarditis,Denizhan Ozdemir; Uttam Singh; Adishwar Singh; Raj R. Makkar,10.1016/j.crmic.2026.100165,2026-09,Cardiovascular Revascularization Medicine: Interesting Cases,
Crossref,mitral regurgitation,Massive mitral annular calcification with valvular involvement: Multimodality and longitudinal imaging correlation,Manuela Montatore; Gabriele Fanigliulo; Federica Masino; Ruggiero Tupputi; Roberto Maresca; Francesca Calò; Eluisa Muscogiuri; Giuseppe Guglielmi,10.1016/j.radcr.2026.05.087,2026-09,Radiology Case Reports,
Crossref,mitral regurgitation,Beyond gastric volume: linking gastric ultrasound to regurgitation to refine aspiration risk assessment,Lionel Bouvet; Dan Benhamou,10.1016/j.accpm.2026.101811,2026-09,Anaesthesia Critical Care &amp; Pain Medicine,
Crossref,mitral regurgitation,Mechanical mitral prosthesis thrombosis despite normal disc mobility: A case report,Parvathy Sankar; Nicholas Mitchell; Aiden Van Loo; Mohammad Ghandhor; Mitchell Schwocho; Noora Neiroukh; Richard Bloomingdale,10.1016/j.crmic.2026.100168,2026-09,Cardiovascular Revascularization Medicine: Interesting Cases,
Crossref,mitral regurgitation,Blood-nulled late gadolinium enhancement increases sensitivity for subtle basal myocardial scar in mitral valve prolapse with annular disjunction,Amy Avakian; Muhammad Umair,10.1016/j.radcr.2026.05.076,2026-09,Radiology Case Reports,
Crossref,mitral regurgitation,Clinical and echocardiographic predictors of reintervention after percutaneous or surgical treatment of rheumatic mitral stenosis: A systematic review,S.A. Gómez-Gualdrón; J.S. Macias-Martinez; A.M. Pulido-Parra; S.A. Higuera-Leal; B.E. Vesga-Angarita,10.1016/j.cpcardiol.2026.103358,2026-09,Current Problems in Cardiology,
Crossref,mitral regurgitation,Severe aortic regurgitation following ventricular septal defect repair: A case discussion,Jacqueline Nel; Muhammed Vally,10.1016/j.visj.2026.102572,2026-09,Visual Journal of Emergency Medicine,
Crossref,mitral regurgitation,Multimodality imaging assessment of caseous mitral annular calcification in a hemodialysis patient undergoing atrial fibrillation ablation: A case report,Jingyan Niu; Wencai Huang; Jiani Zou,10.1016/j.radcr.2026.04.080,2026-08,Radiology Case Reports,
Crossref,mitral regurgitation,Survival of dogs with myxomatous mitral valve disease administered preclinical pimobendan in comparison to pimobendan-naïve dogs from the onset of congestive heart failure,G. McAulay; M. Hills; J. Dukes-McEwan; E. Dutton; A. Jakubczak; D. Singleton; E. Bode; W. Yangwanitset; M. Hezzell,10.1016/j.jvc.2026.05.001,2026-08,Journal of Veterinary Cardiology,
Crossref,mitral regurgitation,Prognostic interaction of aortic regurgitation and left atrial strain beyond guideline-based intervention criteria,Paola Ramos Cano; Juan Manuel Monteagudo Ruiz; Irene Carrión Sanchez; Ariana González Gómez; Ana García Martin; Rocío Hinojar-Baydes; Pablo Martínez-Vives; José Luis Zamorano Gómez; Covadonga Fernández Golfín-Lobán,10.1016/j.ijcard.2026.134533,2026-08,International Journal of Cardiology,
Crossref,mitral regurgitation,Diagnostic accuracy of right pulmonary vein-to-pulmonary artery ratio to identify congestive heart failure in dogs affected by myxomatous mitral valve disease,V. Patata; F. Porciello; M. Rishniw; D. Caivano; A. Corda; O. Domenech; T. Vezzosi; C. Guglielmini; H. Poser; F. Spina; F. Birettoni,10.1016/j.jvc.2026.03.003,2026-08,Journal of Veterinary Cardiology,
Crossref,valvular heart disease,Giant Cells in Health and Disease-A Review,Sonal Gupta,10.21276/ijchmr.2016.2.2.10,2106-06-20,International Journal Of Community Health And Medical Research,
Crossref,valvular heart disease,Contemporary Disease Management in Quebec,Amédé Gogovor; Michelle Savoie; Yola Moride; Marilyn Krelenbaum; Terrence Montague,10.12927/hcq.2013.19495,2088-01-15,Healthcare Quarterly,
Crossref,valvular heart disease,Chronic Disease Prevention and Management: Implications for Health Human Resources in 2020,Margo Orchard; Esther Green; Terrence Sullivan; Anna Greenberg; Verna Mai,10.12927/hcq.2013.19496,2088-01-15,Healthcare Quarterly,
Crossref,valvular heart disease,What a Study on Ultraprocessed Fake Meat and Heart Disease Really Found,Lori Y,10.1038/scientificamerican072077-2xmzfca9smsvxelw1jobgf,2077-07,Scientific American,
Crossref,valvular heart disease,Woman Receives Genetically Modified Pig Kidney Transplant after Heart Pump Surgery,Tanya L,10.1038/scientificamerican072077-4hozib8kpx2m6wjvhqi1zz,2077-07,Scientific American,
Crossref,valvular heart disease,Water Lily or Camelotte Sign in Pulmonary Hydatid Cyst – An Orphan Disease,Sudheer Tale; Soibampahel M; Mrudula K; Ritisha B; Subodh K; Girish S,10.23880/cclsj-16000132,2028-11-11,Cell &amp; Cellular Life Sciences Journal,"A 20 – year – old male without any previous comorbidity presented to pulmonary medicine outpatient department with complaints of dull aching chest pain on right side, dry cough and shortness of breath for the pastone year. He was non vegetarian and had no addictions. On general physical examination his vitals were stableand respiratory system examination revealed decreased breath sounds in the right hemithorax. All his routineblood investigations were normal. Chest radiograph revealed homogenous opacity in the right middle andlower zones. Contrast enhanced computed tomography of thorax and abdomen showed a well defined encapsulatedcystic lesion of size 12x10x14cm with internal floating membranes (water lily sign or Camelotte sign) with masseffect on adjacent lung parenchyma causing atelectasis and compression of adjacent vessels (Figure 1). Hydatid serology (IgG) was positive. Patient was treated symptomatically and referred for surgical intervention."
Crossref,valvular heart disease,Comparison of convolutional neural network (CNN) methods using AlexNet and VGG16 architectures for disease detection in apples,Anang Pramono; Zuhriah Virlani Putri,10.1504/ijaac.2028.10078919,2028,International Journal of Automation and Control,
Crossref,valvular heart disease,"EFFECT OF FERTILIZER FACTORY WASTES ON SEED GERMINATION, PLANT GROWTH AND ROOT-KNOT DISEASE DEVELOPMENT IN TOMATO (Lycopersicon lycopersicum L.) PLANTS",Gopal Dixit,10.33865/wjb.002.02.0086,2027-08-31,World Journal of Biology and Biotechnology,"In the present research paper studies have been made on fertilizer factory wastes on percent seed germination, root and shoot length of plants and development of root-knot galls by Meloidogyne incognita in five cultivars of tomato. Though all the cultivars showed almost similar impact of fertilizer wastes on seed germination, plant growth and resistance for root-knot disease with little variation. Percent germination of seeds and plant growth was found decreased while the root-knot index was increased along with the increase in concentration of fertilizer wastes."
Crossref,valvular heart disease,RELATION OF HEART WEIGHT WITH AGE AND WEIGHT OF CADAVER,Jolly Agarwal; Virendra Kumar,10.21761/jms.v2i01.10838,2027-07-25,SRMS JOURNAL OF MEDICAL SCIENCE,"Introduction: Height, weight, and age of person has significant impact on the normal size of&#x0D; heart. These parameters need to be considered when cut-off values indicating the need for&#x0D; treatment or even surgery are established. The aim of present work is to study the relation of&#x0D; weight of the heart with age and weight of cadaver.&#x0D; Material and Methods: The study was performed in the Department of Anatomy, Shri Ram&#x0D; Murti Smarak Institute of Medical Sciences, Bareilly on 30 hearts from embalmed cadavers.&#x0D; The hearts were procured from the cadavers available in our department. The heart was&#x0D; thoroughly cleaned and measurements were taken.&#x0D; Results: The mean heart weight was 223.37 ± 57.78 g. Significant relationship between age of&#x0D; the cadaver and weight of the heart (p=0.0004), weight of cadaver and weight of heart&#x0D; (p=0.0001) was observed.&#x0D; Conclusion: The above study provides valuable data of the heart in our geographical location,&#x0D; which may be useful for cardiac surgeons and physicians."
Crossref,valvular heart disease,"Correlation of IL-1β, IL-17A, and CXCL13 Biomarkers with P2RX7 Genetic Polymorphism and Clinical Disease Activity of Iraqi Patients with Rheumatoid Arthritis",Zahraa Thamir; Mohammed Nader,10.21608/ejmm.2026.497902.2527,2027-07-01,Egyptian Journal of Medical Microbiology,
Crossref,valvular heart disease,Serum Interleukin-15 and Tumor Necrosis Factor-Alpha as Diagnostic and Disease Activity Biomarkers in Vitiligo,Ali S. Aziz; Raad A. Alasady,10.21608/ejmm.2026.494791.2477,2027-07-01,Egyptian Journal of Medical Microbiology,
Crossref,valvular heart disease,Association of Helicobacter pylori toxins cagA and vacA with Parkinson's Disease,Enas A. Daef; Mona H. Abdel-Rahim; Eman M. Farghly; Eman M.H. Khedr; Mona S. Embarek,10.21608/ejmm.2026.483634.2350,2027-04-01,Egyptian Journal of Medical Microbiology,
Crossref,valvular heart disease,Diagnostic and Prognostic Utility of IL-17 and TNF-α in Psoriasis: Insights into Early Detection and Disease Severity,Dhamya K. Sarhan; Jenan M. Ghani; Baneen A. Abd Ulrahman; Intisar R. Sharba; Jinan M. Abd,10.21608/ejmm.2026.482466.2339,2027-04-01,Egyptian Journal of Medical Microbiology,
Crossref,valvular heart disease,Interleukin-30 Level in Patients with Psoriasis Vulgaris and its Relation to Disease Severity,Heba E.S. Hassan; Nessma A. Nosser; Nora M. Darwish; Fatma F. El Dakrory,10.21608/ejmm.2026.487292.2402,2027-04-01,Egyptian Journal of Medical Microbiology,
Crossref,valvular heart disease,Detection of Serum Levels of Interleukin-37 In Patients with Vitiligo and Its Correlation with Disease Activity,Mona G. Nada; Nancy M. Mamdouh; Mera M.G. Anan,10.21608/ejmm.2026.489043.2422,2027-04-01,Egyptian Journal of Medical Microbiology,
Crossref,valvular heart disease,The Role of Nuclear Enriched Abundant Transcript 1 (NEAT1) as a Novel Marker in Diagnosis of Systemic Lupus Erythematosus Disease in Benha University Hospital,"Amany K. Shahat; Ahmed S. Osman; El-Sayed M. Abd-Elghany; Neama L. Ismail; Noha H, Ibrahim",10.21608/ejmm.2026.484722.2369,2027-04-01,Egyptian Journal of Medical Microbiology,
Crossref,valvular heart disease,Comparison of Mexican Systemic Lupus Erythematosus Disease Activity Index pediatric lupus nephritis with Cyclophosphamid and Mycophenolate mofetil after induction period,Gartika Sapartini; Kevin Immanuel; Reni Ghrahani; Budi Setiabudiawan,10.7199/ped.oncall.2027.24,2027,Pediatric Oncall,
Crossref,valvular heart disease,Seroprevalence of Varicella Zoster Virus and Its Association with Interleukin-12/23p40-Mediated Immune Dysregulation in Patients with Myocardial Cardiac Disease: A Case-Control Study,Wisal Salman S. Abd,10.21608/ejmm.2026.477367.2290,2027-01-01,Egyptian Journal of Medical Microbiology,
Crossref,valvular heart disease,"Correlation Between T-Cell Subsets (CD4⁺/CD8⁺), IL-17 Levels, and Multidrug-Resistant Bacterial Infections in Patients with Chronic Kidney Disease",Baedaa A. Jassim; Sundus J. Muhammad,10.21608/ejmm.2026.477574.2293,2027-01-01,Egyptian Journal of Medical Microbiology,
Crossref,valvular heart disease,Aggregation Analysis of Cattle Infectious Disease Temperature Features Based on Cloud-Edge Computing,Ruiguang Lv; Chao Zhang; Qing Shao,10.1504/ijcc.2027.10078653,2027,International Journal of Cloud Computing,
Crossref,deep learning,Learner profiles and the process of Learning in the Higher Educational Context,Christos Skourlas; Petros Belsis,10.15556/ijiim.02.01.003,2115-03-05,International Journal on Integrated Information Management,
Crossref,deep learning,WEB-BASED COLLABORATIVE LEARNING AND KNOWLEDGE SHARING IN INFORMAL BUSINESS NETWORKS,George Stalidis; Costis Papadimitrakopoulos; Theocharis Tsakiris,10.15556/ijiim.01.02.002,2114-12-10,International Journal on Integrated Information Management,
Crossref,deep learning,Availability and Utilization of Tools and Equipment for Teaching and Learning Garment Making Trade in the Senior Secondary Schools in Edo State,,10.20431/2349-0381.0303002,2106,"International Journal of Humanities, Social Sciences and Education",
Crossref,deep learning,Title Pending 8184,,10.3998/mjcsl.8184,2036-06-28,Michigan Journal of Community Service Learning,
Crossref,deep learning,Title Pending 8122,,10.3998/mjcsl.8122,2036-05-11,Michigan Journal of Community Service Learning,
Crossref,deep learning,Title Pending 8219,,10.3998/mjcsl.8219,2036-04-13,Michigan Journal of Community Service Learning,
Crossref,deep learning,Title Pending 8273,,10.3998/mjcsl.8273,2036-03-03,Michigan Journal of Community Service Learning,
Crossref,deep learning,Title Pending 7452,,10.3998/mjcsl.7452,2036-01-19,Michigan Journal of Community Service Learning,
Crossref,deep learning,Title Pending 6294,,10.3998/mjcsl.6294,2034-12-20,Michigan Journal of Community Service Learning,
Crossref,deep learning,Title Pending 5730,,10.3998/mjcsl.5730,2034-11-18,Michigan Journal of Community Service Learning,
Crossref,deep learning,Title Pending 3643,,10.3998/mjcsl.3643,2033-09-06,Michigan Journal of Community Service Learning,
Crossref,deep learning,Title Pending 4120,,10.3998/mjcsl.4120,2033-03-28,Michigan Journal of Community Service Learning,
Crossref,deep learning,Title Pending 2741,,10.3998/mjcsl.2741,2032-09-28,Michigan Journal of Community Service Learning,
Crossref,deep learning,Machine Learning Application for SAIs,Tiare Rivera,10.56251/watu4873,2030-10-20,International Journal of Government Auditing,
Crossref,deep learning,Integration of Biomechanics and Digital Technology: Using Kinovea for Motion Analysis and Learning for Beginner Athletes,Muhammad Nur Hudha; Riezky Maya Probosari; Annisa Nur Khasanah; Supurwoko; Salsabila Kholifahtun Nisa’; Gifran Rihla Gifarka Latief,10.58524/jcss.v4i2.890,2029-11-29,Journal of Coaching and Sports Science,"Background: The integration of biomechanics with digital motion-analysis technologies has introduced new approaches for examining movement efficiency, kinematic characteristics, and technical patterns in walking and running activities. Kinovea, as an accessible motion-analysis software, provides both visual and quantitative feedback. However, its application in supporting technique development among beginner athletes remains insufficiently explored. Aim: This study aims to describe the use of Kinovea in biomechanics training and examine its contribution to the awareness of kinematic characteristics and movement techniques among beginner athletes. Methods: A descriptive qualitative design involved 72 beginner athletes aged 18–25 years selected through purposive sampling. Data were collected over 16 weeks through interviews, field observations, and motion video recordings analyzed using Kinovea. Kinematic data focused on joint angles, stride behavior, and movement phases during walking, running, and the flight phase. Qualitative data were analyzed using content analysis with NVivo 12, while kinematic results were interpreted descriptively to identify performance patterns and areas for technical refinement. Result: Kinematic analysis showed coordinated joint-angle patterns across all phases. Walking analysis identified arm swing angles of 50.9°–58.8° and leg separation angles of 64.3°–67.2°, indicating a stable gait rhythm. The running analysis revealed knee angles of 68.8°–69.8° and elbow angles of 87.6°–89.1°, indicating efficient propulsive mechanics. The flight phase demonstrated knee angles of 81.2°–87.8° and elbow angles of 80.4°–88.3°, suggesting effective momentum use and postural stability. These measurements supported stride-efficiency assessment and technique evaluation. Qualitative findings revealed that Kinovea enabled athletes to interpret movement phases and identify technical inefficiencies through slow-motion and frame-by-frame visualization. Conclusion: Kinovea supports basic motion analysis by providing clear kinematic information and helping beginner athletes observe and refine their movement techniques. The findings also offer practical value for coaches by enabling more precise identification of inefficient patterns and guiding targeted corrections during early-stage training."
Crossref,deep learning,Sparsity Learning via Structured Functional Factor Augmentation,Hanteng Ma; Ziliang Shen; Xingdong Feng; Xin Liu,10.5705/ss.202025.0205,2029,Statistica Sinica,
Crossref,deep learning,Transfer Learning for High-dimensional Regression with Compositional Covariates: Application to Microbiome Studies,Qinqin Hu; Xiaojing Luo; Chencheng Ma; Wang Zhou,10.5705/ss.202025.0314,2029,Statistica Sinica,
Crossref,deep learning,Cyber Defense Digital Twins: A Federated Learning and Zero-Trust AI Architecture for Autonomous Threat Prediction and Response,Sivaramakrishnan Narayanan,10.32628/cseit251116279,2028-08-27,"International Journal of Scientific Research in Computer Science, Engineering and Information Technology","Modern enterprise networks operate under persistent threats that exploit cloud-native misconfigurations, identity sprawl, and API vulnerabilities at machine speed. Existing security operations center (SOC) architectures remain largely reactive, signature-dependent, and incapable of predicting multi-stage lateral movement. This paper proposes the Cognitive Cyber Defense Digital Twin (CCDT), a unified architecture integrating federated learning (FL), graph neural network (GNN)-based attack-path forecasting, adversarially hardened detection models, and autonomous Security Orchestration, Automation, and Response (SOAR) with deception engineering. The CCDT constructs a continuously synchronized digital replica of organizational assets and employs reinforcement learning-based red agents to stress-test detection models. A federated intelligence mesh enables cross-organizational privacy-preserving gradient sharing. Experimental evaluations against CICIDS-2018 and LANL datasets demonstrate 52% faster attack-path detection, 41% reduction in false positive rate, and 60% reduction in mean-time-to-respond (MTTR) compared to traditional SOC baselines. Integrated Explainable AI (XAI) modules using SHAP values enable audit-ready compliance reporting. The CCDT represents a paradigm shift from reactive monitoring to predictive, autonomous, and privacy-preserving cyber defense for hybrid cloud environments."
Crossref,deep learning,The Nexus of Leadership and Learning: Exploring Female Principals' Influence on the Teaching-Learning Process in Secondary Schools,Muhammad Niqab; Salma Tabbasum; Shakil Ahmad,10.55737/qjss.vii-i.26473,2028-02-28,Qlantic Journal of Social Sciences,"The research paper will set out to debate the role played by the leadership competencies of principals in the teaching and learning process. The research will embrace a quantitative research design that will seek to answer the question concerning the relationship that exists between leadership skills of possessed by the  principals and the ongoing teaching-learning process in the female secondary schools using a co-relational study design. A survey instrument comprising of 37 items, which measured the leadership skills possessed by the selected principals and the prevailing teaching learning process, was used in the collection of data. Questionnaires for this study were administered to 108 male and female educators who were serving in secondary schools in Tehsil Wari, upper Dir and among them 100 questionnaires were submitted and were deemed to be useful in the analysis. The data in hand were calculated using Statistical Package of the Social Sciences (SPSS) version-27 and the obtained results indicated that the collected data was normally distributed. The findings revealed that all the variables of the study had great correlations. The analysis of the data was done through linear regression to measure the effect that the leadership skills of the principals had on the teaching learning process and this indicated that leadership skills of the principals have statistically significant effect on the teaching learning process. The policies derived out of this research can be a good guide to both the policymakers and organizational leaders because they can provide a good outline on how to empower the leaders in charge of the principals and as well as exert more influence on the effective teaching and learning processes."
Crossref,deep learning,Transforming Education through Technology: The Case of COVID 19 Digital Learning in Nagaland,K Hinoca Assumi,10.71126/nijre.v2i1.16,2028-02-28,Naveen International Journal of Research in Education (NIJRE),"Through the perspective of the COVID-19 pandemic and the disruption and opportunity it engendered, this chapter follows a transformative effect of EdTech and Digital education in India particularly in Nagaland through analysis. Drawing upon national policy frameworks, conceptual literature on educational technology, and contextual evidence based on the case of Nagaland, the chapter considers the rapid migration to digital learning as an emergency strategy (in response to the ongoing institution closures) based on the stark shifts in pedagogical practice, access to education services, and preparedness. The findings show that, including the ability of national programmes such as NEP 2020, SWAYAM, DIKSHA, PM e-VIDYA, and others, to promote access to digital tools was low within periphery or hill areas (e.g., Nagaland), due to lack of infrastructural resources, digital divide, unprepared teachers and economic/social divides, and more. The pandemic exposed the deep social and infrastructure divides in connectivity, device availability, assessment and learner engagement, with implications that were especially grave in rural and tribal settings. Although it accelerated the pace of innovation and the application of blended and low-tech learning practices teachers have been experimenting with digital platforms and the post-COVID recovery process, including remedial programmes and hybrid instruction. The chapter also discusses that blended learning is the most fitting, viable and sustainable approach for reaching the technological level in the field of educational technology at Nagaland. It implies that technology-mediated education can improve equity, quality, and resilience, but only under the conditions of inclusive policy design, strong digital infrastructure, vigorous teacher capability building, and culturally appropriate digital content. Keywords: Educational technology, digital learning, COVID-19, Nagaland, online education, Challenges, blended learning"
